"Time (s)","Acceleration x (m/s^2)","Acceleration y (m/s^2)","Acceleration z (m/s^2)","Absolute acceleration (m/s^2)"
3.922791686E-3,4.102131683E-1,6.118260410E-1,-1.125388454E0,1.345029784E0
1.388979168E-2,-1.321758713E0,3.327954483E-1,-2.230582963E0,2.614058006E0
2.385679167E-2,-1.891747634E0,-1.940164626E-2,-2.521826928E0,3.152569838E0
3.382379166E-2,-1.894214281E0,-1.208941072E-1,-2.535697108E0,3.167400030E0
4.379179166E-2,-1.739230907E0,-5.957347959E-2,-2.083204477E0,2.714445439E0
5.375879171E-2,-1.676765395E0,7.491949707E-2,-1.427012980E0,2.203070849E0
6.372579170E-2,-1.145488257E0,1.348981887E-1,-7.400066561E-1,1.370383421E0
7.369279169E-2,6.914420217E-2,3.442960444E-1,-9.779819012E-2,3.645341862E-1
8.366079169E-2,3.169851619E-1,1.556356314E-1,4.073813617E-2,3.554738223E-1
9.362779168E-2,6.376482224E-1,6.459790429E-1,3.031722844E-1,9.569731519E-1
1.035947917E-1,5.814520946E-1,7.400779921E-1,8.475270116E-1,1.266532277E0
1.135617917E-1,1.994447252E-1,7.415395036E-1,1.011912124E0,1.270285472E0
1.235297917E-1,-5.371234757E-1,5.684528571E-1,1.092320110E0,1.343429753E0
1.334967917E-1,-7.866952112E-1,4.890125853E-1,7.896220350E-1,1.217179371E0
1.434637917E-1,-2.194974589E-1,7.252643636E-1,2.903657126E-1,8.114799928E-1
1.534307917E-1,-1.556765619E-1,6.859614265E-1,-4.255281955E-1,8.221024971E-1
1.633987917E-1,-4.593873748E-1,-5.643603909E-1,-3.192741129E0,3.274619876E0
1.733657917E-1,-1.579272137E0,1.004164856E0,-2.870746658E0,3.426898585E0
1.833327917E-1,-4.543717794E-1,2.064217691E0,-1.771046192E0,2.757544742E0
1.932997917E-1,-1.554669392E-1,9.313509411E-1,-2.946181002E0,3.093794926E0
2.032677917E-1,-1.145203937E0,2.247602746E0,-3.986631632E-1,2.553848562E0
2.132347917E-1,6.139678761E-2,2.273901183E0,8.270822221E-1,2.420425822E0
2.232017917E-1,6.207455300E-1,1.706263720E0,1.967835989E0,2.677506186E0
2.331687917E-1,1.000083061E0,8.474746791E-1,1.891898784E0,2.301664717E0
2.431367917E-1,5.252118203E-1,2.587293524E-1,2.032509118E0,2.115155230E0
2.531037917E-1,8.962933749E-2,-1.493140604E-1,6.434650326E-1,6.666148475E-1
2.630707917E-1,6.180860701E-1,-1.245752803E0,-5.174949574E-1,1.483823260E0
2.730377917E-1,1.120602069E0,-4.457975686E-1,-8.826208305E-1,1.494491218E0
2.830057917E-1,8.205095132E-1,4.687641891E-1,-8.735032672E-1,1.286850296E0
2.929727917E-1,2.167051942E0,-4.075517350E-1,-9.616161293E-1,2.405601404E0
3.029397917E-1,8.362643972E-1,3.493086431E-2,9.378360879E-1,1.257018232E0
3.129067917E-1,-7.269590329E-1,8.537991737E-1,1.661979248E0,2.004898373E0
3.228747917E-1,-1.838419711E0,1.631250376E0,1.640256842E0,2.954861643E0
3.328420417E-1,-1.229545198E0,1.932111548E0,1.652859930E0,2.824319808E0
3.428090417E-1,8.488943830E-1,1.245866385E0,5.122950286E-1,1.592247129E0
3.527760417E-1,2.206807015E0,3.785228674E-1,-1.093255665E0,2.491683108E0
3.627440417E-1,2.697526987E0,-1.820661425E-1,-1.764859253E0,3.228703782E0
3.727110417E-1,2.188775956E0,-3.375859259E-1,-1.859347919E0,2.891691396E0
3.826780417E-1,9.268097010E-1,-1.741122481E-1,-1.659528095E0,1.908749537E0
3.926450417E-1,-9.992742446E-1,4.658558571E-1,-1.094938493E0,1.553853597E0
4.026130417E-1,-9.431851208E-2,3.393285424E-1,-1.269896541E0,1.317830439E0
4.125800417E-1,1.126336287E0,4.064610100E-1,-1.835983030E0,2.191957498E0
4.225470417E-1,2.422814271E-1,9.051508833E-1,-2.546850672E0,2.713751417E0
4.325140417E-1,-1.468665621E0,8.221461488E-1,-3.599367616E0,3.973455703E0
4.424820417E-1,-2.327665747E0,-6.492938295E-2,-4.098456123E0,4.713765612E0
4.524490417E-1,-2.216567480E0,-1.433196995E0,-4.024126902E0,4.812569204E0
4.624160417E-1,-1.749710287E0,-2.116257472E0,-3.902584339E0,4.771812685E0
4.723830417E-1,-2.251452553E0,-8.059650028E-1,2.755194567E0,3.648248249E0
4.823510417E-1,-4.675829785E-1,-9.157558322E-2,-1.139811780E0,1.235390960E0
4.923180417E-1,-5.404008400E-1,4.941645670E-1,-5.232199663E-1,8.999949002E-1
5.022850417E-1,2.847586714E-1,1.449117355E0,-5.549399418E0,5.742548433E0
5.122520417E-1,-1.882769819E-1,4.092786370E0,-8.663319495E0,9.583290310E0
5.222200417E-1,-8.942380786E-2,2.223002194E0,-6.544394377E0,6.912223459E0
5.321870417E-1,-7.383453159E-1,-1.058591762E0,-2.741048398E0,3.029705703E0
5.421540417E-1,-1.603969606E0,-1.579964155E0,-1.925516766E0,2.962536083E0
5.521210417E-1,-1.926156451E0,-1.731304714E0,-1.976520274E0,3.257932946E0
5.620890417E-1,-1.957836958E0,-1.419839323E0,-3.200906181E0,4.011841178E0
5.720560417E-1,-1.241315936E0,-1.494729000E0,-4.916803774E0,5.286779680E0
5.820230417E-1,-9.137546226E-2,-1.455377238E0,-5.940114461E0,6.116488550E0
5.919900417E-1,2.575463144E-1,-1.341512654E0,-6.822926495E0,6.958326829E0
6.019580417E-1,5.532211527E-1,-1.926091547E0,-7.731349334E0,7.986841980E0
6.119250417E-1,7.577998795E-1,-2.467531437E0,-8.623598190E0,9.001634173E0
6.218920417E-1,2.555130914E-1,-3.282726270E0,-9.179450297E0,9.752122152E0
6.318590417E-1,-3.633769709E-1,-4.538737721E0,-9.403614419E0,1.044797335E1
6.418270417E-1,-1.839937502E-1,-5.649316639E0,-9.639175934E0,1.117418207E1
6.517940417E-1,1.960197186E-1,-6.683801354E0,-1.018014278E1,1.217977551E1
6.617610417E-1,7.056946099E-1,-7.714473100E0,-1.107540062E1,1.351575373E1
6.717280417E-1,1.546492646E0,-9.152397569E0,-1.187871917E1,1.507521111E1
6.816960417E-1,2.172001464E0,-1.076691438E1,-1.236517243E1,1.653909081E1
6.916630417E-1,2.957004198E0,-1.196510944E1,-1.230357084E1,1.741509613E1
7.016300417E-1,3.972060955E0,-1.319838546E1,-1.152445742E1,1.796629527E1
7.115970417E-1,4.943446612E0,-1.437691516E1,-1.003307946E1,1.821526935E1
7.215650417E-1,5.616641228E0,-1.512079677E1,-8.278090310E0,1.813041458E1
7.315320417E-1,5.777587593E0,-1.582086168E1,-6.658808016E0,1.811131985E1
7.414990417E-1,5.726639634E0,-1.692812201E1,-5.774710178E0,1.878038854E1
7.514660417E-1,6.341025878E0,-1.820737819E1,-5.452361366E0,2.003610426E1
7.614340417E-1,5.950288616E0,-1.949353993E1,-3.935709693E0,2.075798267E1
7.714010417E-1,5.274943394E0,-1.981131622E1,-2.480105875E0,2.065100974E1
7.813680417E-1,5.153440007E0,-2.052484493E1,-1.306648923E0,2.120222947E1
7.913350417E-1,4.940038270E0,-2.079912378E1,-7.071593374E-2,2.137785136E1
8.013020417E-1,5.068280573E0,-2.074893596E1,1.041220708E0,2.138433894E1
8.112700417E-1,4.761013484E0,-2.083521747E1,2.034824615E0,2.146890886E1
8.212370417E-1,4.371536881E0,-2.098603354E1,3.277274326E0,2.168558197E1
8.312040417E-1,4.531332514E0,-2.078116347E1,4.313246573E0,2.170239216E1
8.411720417E-1,5.007356679E0,-2.049719929E1,4.909636257E0,2.166364069E1
8.511390417E-1,5.198404511E0,-2.033422570E1,5.400189584E0,2.167178331E1
8.611060417E-1,5.381827573E0,-2.020510748E1,5.788614857E0,2.169604799E1
8.710730417E-1,5.770735826E0,-2.005406688E1,6.027646694E0,2.172094646E1
8.810410417E-1,6.214986221E0,-2.037368037E1,6.361409272E0,2.223016944E1
8.910080417E-1,6.140358208E0,-2.054304614E1,7.196727297E0,2.261666703E1
9.009750417E-1,6.302464076E0,-2.070068707E1,7.864455936E0,2.302366535E1
9.109420417E-1,6.710711995E0,-2.103665405E1,7.614830114E0,2.335722815E1
9.209090417E-1,7.286056965E0,-2.117393498E1,7.322837706E0,2.355941639E1
9.308770417E-1,8.194044771E0,-2.122106120E1,7.295321878E0,2.388927645E1
9.408440417E-1,9.066237677E0,-2.110595525E1,7.265726781E0,2.409250503E1
9.508110417E-1,9.461647450E0,-2.093399800E1,7.357717516E0,2.412241803E1
9.607780417E-1,9.933734100E0,-2.087763318E1,7.772181026E0,2.439183138E1
9.707460417E-1,1.096595477E1,-2.056912940E1,8.066857306E0,2.466607863E1
9.807130417E-1,1.181181650E1,-1.963809830E1,8.370994381E0,2.439769376E1
9.906800417E-1,1.241513338E1,-1.857683802E1,8.592996787E0,2.393896492E1
1.000647042E0,1.312235762E1,-1.742919448E1,9.327463206E0,2.372708704E1
1.010615042E0,1.428851929E1,-1.607572660E1,1.041915123E1,2.389873390E1
1.020582042E0,1.527802956E1,-1.449846123E1,1.088293250E1,2.370784227E1
1.030549042E0,1.563671064E1,-1.344431584E1,1.068498788E1,2.322553151E1
1.040516042E0,1.512838177E1,-1.274108992E1,1.082152036E1,2.254570049E1
1.050484042E0,1.446004035E1,-1.204625944E1,1.138910140E1,2.199810819E1
1.060451042E0,1.386759578E1,-1.130829054E1,1.194795254E1,2.151606882E1
1.070418042E0,1.353048626E1,-1.032238332E1,1.277595570E1,2.128028900E1
1.080385042E0,1.403367191E1,-9.031616313E0,1.360598667E1,2.153222965E1
1.090353042E0,1.541034387E1,-7.581106882E0,1.429665745E1,2.234605768E1
1.100320042E0,1.741708957E1,-6.061300929E0,1.516691025E1,2.387738563E1
1.110287042E0,1.923690563E1,-4.307129801E0,1.600193942E1,2.539039131E1
1.120254042E0,2.005117368E1,-2.736841326E0,1.590310277E1,2.573807576E1
1.130222042E0,1.922399615E1,-1.656879306E0,1.515150868E1,2.453315089E1
1.140189042E0,1.761072362E1,-6.185342592E-1,1.502005743E1,2.315431485E1
1.150156042E0,1.665134756E1,7.559929436E-1,1.602179657E1,2.312005333E1
1.160123042E0,1.665953483E1,2.101920245E0,1.781229118E1,2.447929506E1
1.170091042E0,1.794037678E1,3.398659015E0,2.001393394E1,2.709179864E1
1.180058042E0,1.973537258E1,4.625389071E0,2.165349788E1,2.966063259E1
1.190025042E0,2.195200760E1,5.423873731E0,2.214198129E1,3.164769153E1
1.199992042E0,2.210527481E1,7.158235661E0,2.206519098E1,3.204303614E1
1.209960042E0,2.184231149E1,8.479850240E0,2.134726049E1,3.169700241E1
1.219927042E0,2.297974229E1,8.356265829E0,2.016210004E1,3.169236520E1
1.229894042E0,2.263572486E1,8.492984256E0,1.926445654E1,3.091320280E1
1.239861042E0,2.280850073E1,8.498787033E0,1.829220608E1,3.044769104E1
1.249829042E0,2.271007104E1,8.402636003E0,1.744323364E1,2.984322399E1
1.259796042E0,2.240049138E1,8.013669863E0,1.659534761E1,2.900700744E1
1.269763042E0,2.253567900E1,7.518362750E0,1.576249594E1,2.851032944E1
1.279730042E0,2.257807599E1,6.646640545E0,1.490170393E1,2.785692241E1
1.289698042E0,2.274645241E1,5.375468141E0,1.407991286E1,2.728627313E1
1.299665042E0,2.234653327E1,3.865637537E0,1.309436934E1,2.618727193E1
1.309632042E0,2.113594679E1,2.126053458E0,1.214404711E1,2.446888290E1
1.319599042E0,2.111844724E1,4.344340897E-1,1.142399758E1,2.401427217E1
1.329567042E0,2.142134471E1,-5.142743111E-1,1.118568729E1,2.417143122E1
1.339533958E0,2.145084040E1,-2.328933715E0,1.056620403E1,2.402513588E1
1.349500958E0,2.167190492E1,-4.142717791E0,9.657158461E0,2.408514652E1
1.359467958E0,2.158542694E1,-5.585990708E0,9.045391769E0,2.406144344E1
1.369435958E0,2.185300488E1,-7.122022101E0,8.538204868E0,2.451893072E1
1.379402958E0,2.216165601E1,-8.732880896E0,7.949715942E0,2.511175400E1
1.389369958E0,2.221179237E1,-1.037401307E1,7.102235708E0,2.552304095E1
1.399336958E0,2.214503588E1,-1.208840968E1,6.131661644E0,2.596400464E1
1.409304958E0,2.202062350E1,-1.369053273E1,5.001766741E0,2.640750303E1
1.419271958E0,2.164239987E1,-1.596797411E1,3.967553044E0,2.718659866E1
1.429238958E0,2.148335794E1,-1.809262775E1,3.367062123E0,2.828807089E1
1.439205958E0,2.184207760E1,-1.958205391E1,3.016901029E0,2.948957241E1
1.449173958E0,2.304672331E1,-2.157569483E1,2.893137108E0,3.170224448E1
1.459140958E0,2.450777176E1,-2.394239747E1,2.595522895E0,3.435994779E1
1.469107958E0,2.552708179E1,-2.668570289E1,2.142611750E0,3.699120745E1
1.479074958E0,2.569208787E1,-2.913845315E1,1.905749084E0,3.889427607E1
1.489042958E0,2.523138107E1,-3.078821932E1,1.604419696E0,3.983856426E1
1.499009958E0,2.438865930E1,-3.247989833E1,1.173032371E0,4.063405595E1
1.508976958E0,2.305274360E1,-3.317015980E1,1.030519134E0,4.040730699E1
1.518943958E0,2.198184711E1,-3.293185068E1,1.368854234E0,3.961795241E1
1.528910958E0,2.027786322E1,-3.353450916E1,1.568312116E0,3.922007960E1
1.538878958E0,1.696484603E1,-3.407003927E1,1.894426682E0,3.810724904E1
1.548845958E0,1.319808023E1,-3.376695703E1,2.123509920E0,3.631674550E1
1.558812958E0,1.035639891E1,-3.415716512E1,1.921917804E0,3.574437992E1
1.568779958E0,6.935055041E0,-3.363150979E1,1.451204081E0,3.436974589E1
1.578747958E0,3.341559784E0,-3.278216196E1,1.223791831E0,3.297474535E1
1.588714958E0,5.958897471E-2,-3.074575918E1,4.258936465E-1,3.074876654E1
1.598681958E0,-1.900559095E0,-2.837640892E1,-1.649195480E-1,2.844046249E1
1.608648958E0,-3.123482029E0,-2.607848825E1,3.532826301E-1,2.626725144E1
1.618616958E0,-3.534096317E0,-2.428543490E1,1.388811658E0,2.458050005E1
1.628583958E0,-3.076071635E0,-2.241342074E1,2.610296470E0,2.277360959E1
1.638550958E0,-2.458200451E0,-2.097686510E1,3.928629007E0,2.148268477E1
1.648517958E0,-2.209851075E0,-1.976993664E1,5.329783845E0,2.059467000E1
1.658485958E0,-2.411039733E0,-1.848177866E1,6.059397075E0,1.959861087E1
1.668452958E0,-3.030727063E0,-1.738266350E1,6.446095081E0,1.878548479E1
1.678419958E0,-3.901224276E0,-1.602522303E1,7.022227671E0,1.792593109E1
1.688386958E0,-4.752782359E0,-1.488395296E1,7.929697999E0,1.752144703E1
1.698354958E0,-5.575707795E0,-1.438443936E1,8.611278691E0,1.766790123E1
1.708321958E0,-6.369582510E0,-1.399761798E1,9.078168336E0,1.785827625E1
1.718288958E0,-6.907548569E0,-1.358696100E1,9.094928795E0,1.774929481E1
1.728255958E0,-7.676247513E0,-1.285801903E1,8.621760410E0,1.727970434E1
1.738223958E0,-8.576419930E0,-1.224578749E1,7.830809303E0,1.687708104E1
1.748190958E0,-9.514934295E0,-1.174400634E1,6.924617177E0,1.662546188E1
1.758157958E0,-1.053650485E1,-1.112694382E1,6.133757286E0,1.650605319E1
1.768124958E0,-1.113673674E1,-1.085195044E1,5.948447328E0,1.664859631E1
1.778092958E0,-1.192163656E1,-1.044202320E1,6.198626881E0,1.701717492E1
1.788059958E0,-1.253775183E1,-1.024966501E1,6.587253299E0,1.748264167E1
1.798026958E0,-1.315944651E1,-1.008862801E1,7.217573791E0,1.808438053E1
1.807993958E0,-1.387265011E1,-9.720235884E0,8.038455040E0,1.874967110E1
1.817961958E0,-1.425393418E1,-9.311143627E0,9.052434740E0,1.928259863E1
1.827928958E0,-1.412311677E1,-8.950761600E0,9.950308617E0,1.945731744E1
1.837895958E0,-1.373306304E1,-8.562505311E0,1.040381632E1,1.923935841E1
1.847862958E0,-1.315235618E1,-8.146459545E0,1.047402267E1,1.868299834E1
1.857830958E0,-1.244117922E1,-7.770589998E0,1.020728322E1,1.787046838E1
1.867797958E0,-1.204781480E1,-7.506309884E0,9.668238934E0,1.717467245E1
1.877764958E0,-1.203668053E1,-7.179694358E0,9.111829587E0,1.671691143E1
1.887731958E0,-1.205442800E1,-6.912452044E0,8.519217789E0,1.629933432E1
1.897699958E0,-1.194524879E1,-6.841018950E0,8.032336514E0,1.593759514E1
1.907666958E0,-1.179478707E1,-7.136434318E0,7.747026304E0,1.581335237E1
1.917633958E0,-1.136672410E1,-7.630704719E0,7.492955428E0,1.560687196E1
1.927600958E0,-1.111879280E1,-8.250348195E0,7.299237759E0,1.565166670E1
1.937568958E0,-1.103907421E1,-9.072785974E0,7.271298593E0,1.603272865E1
1.947535958E0,-1.100532758E1,-9.983214408E0,7.312040822E0,1.656042711E1
1.957502958E0,-1.101601045E1,-1.104381981E1,7.104433676E0,1.714034480E1
1.967469958E0,-1.116775622E1,-1.207984234E1,6.699853715E0,1.776314752E1
1.977436958E0,-1.100131172E1,-1.328842088E1,6.417494010E0,1.840639070E1
1.987404958E0,-1.043348393E1,-1.461708136E1,6.134209276E0,1.897749134E1
1.997371958E0,-9.947755723E0,-1.537432034E1,5.799366133E0,1.920833719E1
2.007338958E0,-9.503055677E0,-1.553037785E1,5.583057160E0,1.904392897E1
2.017305958E0,-8.242356806E0,-1.573580808E1,5.274969707E0,1.853044541E1
2.027273958E0,-7.047675923E0,-1.591926798E1,4.622392958E0,1.801275508E1
2.037240958E0,-5.783670452E0,-1.600616696E1,3.478707105E0,1.737094205E1
2.047207958E0,-4.191225708E0,-1.587680667E1,2.191859193E0,1.656633966E1
2.057174958E0,-2.710859224E0,-1.596674503E1,1.300163776E0,1.624734226E1
2.067142958E0,-1.133906677E0,-1.652827069E1,8.748184521E-1,1.659020144E1
2.077109958E0,2.952884835E-1,-1.703976173E1,9.328719480E-1,1.706783305E1
2.087076958E0,1.393625379E0,-1.765175003E1,1.195924147E0,1.774701962E1
2.097043958E0,2.369887614E0,-1.874228849E1,1.397427531E0,1.894313989E1
2.107011958E0,3.000723245E0,-1.993752954E1,1.784965635E0,2.024093689E1
2.116978958E0,3.754574938E0,-2.133402707E1,2.285049923E0,2.178207972E1
2.126945958E0,4.550215513E0,-2.271019734E1,2.504494611E0,2.329656665E1
2.136912958E0,5.172277982E0,-2.375705476E1,2.580935261E0,2.445018072E1
2.146880958E0,6.450798581E0,-2.467094182E1,2.136967871E0,2.558974022E1
2.156847958E0,7.925687978E0,-2.547983628E1,1.492508812E0,2.672575854E1
2.166814958E0,9.655442303E0,-2.616409851E1,1.096549401E0,2.791039300E1
2.176781958E0,1.112092704E1,-2.636430016E1,1.052178390E0,2.863316993E1
2.186749958E0,1.259416109E1,-2.609444414E1,1.187505180E0,2.899901855E1
2.196716958E0,1.419717292E1,-2.542949409E1,1.046486710E0,2.914299270E1
2.206683958E0,1.519899275E1,-2.448257494E1,1.206424431E0,2.884200611E1
2.216650958E0,1.618303705E1,-2.319786916E1,1.733463213E0,2.833790247E1
2.226618958E0,1.693105497E1,-2.173347610E1,2.319433744E0,2.764750221E1
2.236585958E0,1.765223067E1,-2.003636853E1,2.949280611E0,2.686550889E1
2.246552958E0,1.823824798E1,-1.830727436E1,3.462365599E0,2.607255184E1
2.256519958E0,1.844462078E1,-1.681650334E1,4.180100795E0,2.530754952E1
2.266487958E0,1.812749820E1,-1.526852550E1,5.132193564E0,2.425022624E1
2.276454958E0,1.794880963E1,-1.399446633E1,5.942565029E0,2.352273228E1
2.286421958E0,1.801266240E1,-1.297121996E1,6.550344504E0,2.314336983E1
2.296388958E0,1.768622404E1,-1.198666813E1,6.878483815E0,2.244540651E1
2.306356958E0,1.730744375E1,-1.116499166E1,6.976246337E0,2.174563544E1
2.316323958E0,1.691846124E1,-1.011478729E1,6.987600460E0,2.091338836E1
2.326290958E0,1.651763577E1,-9.325642968E0,6.949411125E0,2.020134212E1
2.336257917E0,1.597423297E1,-8.662397974E0,7.232578331E0,1.955820664E1
2.346224917E0,1.549289369E1,-8.300891528E0,7.805524188E0,1.923176442E1
2.356192917E0,1.534485505E1,-7.780236735E0,8.783723606E0,1.931710280E1
2.366159917E0,1.517582608E1,-6.720954562E0,1.014636225E1,1.945316412E1
2.376126917E0,1.483559882E1,-5.681211446E0,1.134731252E1,1.952261912E1
2.386094917E0,1.477590343E1,-4.635123516E0,1.245845306E1,1.987522943E1
2.396061917E0,1.474076049E1,-3.524629675E0,1.339096117E1,2.022451174E1
2.406028917E0,1.461998275E1,-2.407565902E0,1.398542653E1,2.037479875E1
2.415995917E0,1.439198227E1,-1.336452473E0,1.427354107E1,2.031376955E1
2.425962917E0,1.402809016E1,-7.133831137E-1,1.429183349E1,2.003878074E1
2.435930917E0,1.359046466E1,-1.393596143E-1,1.438824122E1,1.979246412E1
2.445897917E0,1.321573064E1,4.942698169E-1,1.484960641E1,1.988493524E1
2.455864917E0,1.280026959E1,9.090689564E-1,1.541016144E1,2.005358780E1
2.465831917E0,1.254244597E1,1.500509557E0,1.600660199E1,2.039058085E1
2.475799917E0,1.236794401E1,2.280458543E0,1.673888038E1,2.093696842E1
2.485766917E0,1.233648482E1,3.008131083E0,1.745785753E1,2.158736899E1
2.495733917E0,1.245205036E1,4.015344384E0,1.798361460E1,2.223931075E1
2.505700917E0,1.258446757E1,4.958126632E0,1.835555131E1,2.280083568E1
2.515668917E0,1.268914911E1,5.651155588E0,1.872859314E1,2.331759562E1
2.525635917E0,1.287596882E1,6.289720069E0,1.910275063E1,2.388024776E1
2.535602917E0,1.317615317E1,6.710142476E0,1.975942569E1,2.467938265E1
2.545569917E0,1.352923729E1,6.772742767E0,2.028833207E1,2.530862945E1
2.555537917E0,1.389553845E1,6.536981862E0,2.065242650E1,2.573598339E1
2.565504917E0,1.443261574E1,6.423670424E0,2.098852913E1,2.626941746E1
2.575471917E0,1.525982952E1,6.520516103E0,2.122194530E1,2.693975667E1
2.585438917E0,1.616098135E1,6.520876291E0,2.111517046E1,2.737790294E1
2.595406917E0,1.707428486E1,6.004025112E0,2.061005055E1,2.742906679E1
2.605373917E0,1.786361102E1,5.192260841E0,2.010067387E1,2.738804961E1
2.615340917E0,1.841086363E1,4.201643692E0,1.928981826E1,2.699464387E1
2.625307917E0,1.868582661E1,3.012346925E0,1.797011221E1,2.609902839E1
2.635275917E0,1.894127275E1,1.874908530E0,1.666462776E1,2.529816028E1
2.645242917E0,1.928563867E1,7.548889893E-1,1.525249477E1,2.459968116E1
2.655209917E0,1.934836409E1,-5.113898796E-1,1.390877070E1,2.383431591E1
2.665176917E0,1.912215987E1,-1.502677705E0,1.258026810E1,2.293857415E1
2.675144917E0,1.869095695E1,-2.394168177E0,1.116173593E1,2.190133014E1
2.685111917E0,1.821055556E1,-3.655631279E0,9.747530102E0,2.097623219E1
2.695078917E0,1.789665364E1,-5.091831989E0,8.734454382E0,2.055499107E1
2.705045917E0,1.786486584E1,-6.425547380E0,7.744918383E0,2.050426422E1
2.715013917E0,1.800988731E1,-7.903408917E0,6.819339813E0,2.081641921E1
2.724980917E0,1.840338738E1,-9.386221291E0,6.038038951E0,2.152309763E1
2.734947917E0,1.896184325E1,-1.097360761E1,5.409086123E0,2.256612010E1
2.744914917E0,1.983746964E1,-1.285025627E1,5.136274336E0,2.418750922E1
2.754881917E0,2.095755760E1,-1.469908622E1,5.248012873E0,2.613090116E1
2.764849917E0,2.239131125E1,-1.661024515E1,5.264343562E0,2.837224659E1
2.774816917E0,2.414871530E1,-1.874255396E1,5.145303022E0,3.099867614E1
2.784783917E0,2.552550771E1,-2.099853956E1,5.095457847E0,3.344329377E1
2.794750917E0,2.624651150E1,-2.295789241E1,5.177511824E0,3.525267109E1
2.804718917E0,2.662782715E1,-2.464447499E1,5.283628263E0,3.666480675E1
2.814685917E0,2.678129551E1,-2.644633425E1,5.383620329E0,3.802143806E1
2.824652917E0,2.671105174E1,-2.822564665E1,5.030781795E0,3.918515254E1
2.834619917E0,2.612664358E1,-2.986580935E1,4.296010151E0,3.991270195E1
2.844587917E0,2.512041963E1,-3.150133638E1,3.089657056E0,4.040935111E1
2.854554917E0,2.349201685E1,-3.297666374E1,2.815284648E0,4.058646369E1
2.864521917E0,2.072708375E1,-3.384244459E1,3.404101603E0,3.983103016E1
2.874488917E0,1.798793101E1,-3.391374787E1,3.505709839E0,3.854864405E1
2.884456917E0,1.569520384E1,-3.392275726E1,2.687494919E0,3.747419796E1
2.894423917E0,1.292375928E1,-3.328339464E1,1.880982617E0,3.575396493E1
2.904390917E0,1.006499123E1,-3.263037058E1,1.697313387E0,3.418955988E1
2.914357917E0,7.248340085E0,-3.105028919E1,1.838862784E0,3.193806990E1
2.924325917E0,5.520000202E0,-2.933095051E1,2.110489340E0,2.992038143E1
2.934292917E0,4.213642178E0,-2.794629943E1,3.030953350E0,2.842423457E1
2.944259917E0,3.378856834E0,-2.686143511E1,4.228785882E0,2.740138682E1
2.954226917E0,2.372494887E0,-2.563399462E1,5.114676476E0,2.624672032E1
2.964194917E0,1.310414237E0,-2.447672539E1,6.144134924E0,2.527009428E1
2.974161917E0,3.624338150E-2,-2.334396067E1,6.824404671E0,2.432106726E1
2.984128917E0,-1.155147273E0,-2.202786703E1,7.100690289E0,2.317285252E1
2.994095917E0,-2.068857749E0,-2.113914639E1,7.263325914E0,2.244770781E1
3.004063917E0,-3.140981576E0,-2.087995335E1,6.851822265E0,2.219877667E1
3.014030917E0,-4.563622593E0,-2.007730840E1,6.284861033E0,2.152729528E1
3.023997917E0,-5.450510137E0,-1.897849145E1,6.023816768E0,2.064406856E1
3.033964917E0,-6.154399711E0,-1.831299060E1,5.923000245E0,2.020703324E1
3.043932917E0,-7.139596492E0,-1.818092421E1,6.169654512E0,2.048376138E1
3.053899917E0,-8.344899427E0,-1.822846208E1,6.315376482E0,2.101899513E1
3.063866917E0,-1.002828709E1,-1.806631879E1,6.037885169E0,2.152706375E1
3.073833917E0,-1.166216754E1,-1.790954441E1,5.811517231E0,2.214794946E1
3.083800917E0,-1.322965870E1,-1.782465219E1,5.596723273E0,2.289247489E1
3.093768917E0,-1.451752199E1,-1.749101943E1,5.170261862E0,2.331149529E1
3.103735917E0,-1.561166935E1,-1.684887119E1,4.548920939E0,2.341583571E1
3.113702917E0,-1.668117889E1,-1.615663336E1,3.719662968E0,2.351880999E1
3.123669917E0,-1.724182279E1,-1.552139068E1,3.615752099E0,2.347909038E1
3.133637917E0,-1.678667903E1,-1.506587972E1,4.931159273E0,2.308873440E1
3.143604917E0,-1.593450231E1,-1.473264222E1,6.623756297E0,2.268993738E1
3.153571917E0,-1.486797953E1,-1.416689136E1,8.250792584E0,2.213217577E1
3.163538917E0,-1.385090198E1,-1.345423155E1,9.758134612E0,2.163527266E1
3.173506917E0,-1.280181209E1,-1.281198624E1,1.054909741E1,2.095988646E1
3.183473917E0,-1.241579294E1,-1.210317390E1,1.025358615E1,2.014385171E1
3.193440917E0,-1.326917887E1,-1.196341843E1,8.926803803E0,1.997203831E1
3.203407917E0,-1.410822742E1,-1.238281699E1,7.137611947E0,2.008287185E1
3.213375917E0,-1.430191994E1,-1.248815341E1,5.522641389E0,1.977368093E1
3.223342917E0,-1.389162199E1,-1.256548050E1,4.324545440E0,1.922420752E1
3.233309917E0,-1.305554266E1,-1.293070577E1,3.617468841E0,1.872795842E1
3.243276917E0,-1.221920254E1,-1.338238330E1,3.436398114E0,1.844467201E1
3.253244917E0,-1.121543442E1,-1.374041650E1,3.360193984E0,1.805203363E1
3.263211917E0,-9.904675777E0,-1.418639299E1,3.174329709E0,1.759069975E1
3.273178917E0,-8.969337620E0,-1.480635690E1,3.085625986E0,1.758403565E1
3.283145917E0,-8.241214260E0,-1.550059447E1,3.145765184E0,1.783485016E1
3.293113917E0,-7.459788852E0,-1.579847152E1,3.124626914E0,1.774833641E1
3.303080917E0,-6.743540018E0,-1.574479291E1,3.144551594E0,1.741442047E1
3.313047917E0,-5.829261192E0,-1.572463639E1,2.881317839E0,1.701606500E1
3.323014917E0,-4.913948579E0,-1.563173115E1,2.359856423E0,1.655496396E1
3.332982917E0,-3.916059832E0,-1.548297447E1,1.994524728E0,1.609460009E1
3.342950208E0,-2.465644541E0,-1.551833960E1,1.850159605E0,1.582154726E1
3.352917208E0,-1.070062684E0,-1.598857269E1,1.649579058E0,1.610902237E1
3.362884208E0,-3.583290696E-1,-1.655364293E1,1.536405029E0,1.662865101E1
3.372852208E0,1.282423031E-1,-1.729093355E1,1.287420062E0,1.733926987E1
3.382819208E0,4.338365042E-1,-1.818126686E1,1.117851977E0,1.822076485E1
3.392786208E0,6.021907067E-1,-1.895392846E1,9.412153400E-1,1.898683555E1
3.402753208E0,1.125670874E0,-1.967985210E1,6.204341657E-1,1.972178116E1
3.412720208E0,2.331801775E0,-2.048677488E1,5.796391654E-1,2.062719627E1
3.422688208E0,4.077121387E0,-2.139280094E1,8.228225255E-1,2.179339092E1
3.432655208E0,5.860558414E0,-2.247353012E1,1.163520047E0,2.325423574E1
3.442622208E0,7.366532194E0,-2.368352720E1,1.506805254E0,2.484845506E1
3.452589208E0,9.211439829E0,-2.480634229E1,1.945555466E0,2.653281794E1
3.462557208E0,1.057134022E1,-2.568236512E1,2.171172913E0,2.785769381E1
3.472524208E0,1.098974008E1,-2.644019234E1,2.244014018E0,2.872096371E1
3.482491208E0,1.138631695E1,-2.681565141E1,2.052731713E0,2.920515505E1
3.492458208E0,1.232749531E1,-2.655213143E1,1.895712923E0,2.933558508E1
3.502426208E0,1.379267891E1,-2.596552005E1,1.695354570E0,2.945030475E1
3.512393208E0,1.554961285E1,-2.503505496E1,1.369861125E0,2.950289742E1
3.522360208E0,1.712932002E1,-2.396342639E1,1.315527627E0,2.948542049E1
3.532327208E0,1.866088823E1,-2.290426175E1,1.509604901E0,2.958230658E1
3.542295208E0,1.986222208E1,-2.143618962E1,1.437922861E0,2.925894245E1
3.552262208E0,2.051827734E1,-1.988368604E1,1.372133353E0,2.860495456E1
3.562229208E0,2.031083450E1,-1.823356085E1,1.337742369E0,2.732731772E1
3.572196208E0,1.984789172E1,-1.653283503E1,1.421280224E0,2.587070693E1
3.582164208E0,1.977115286E1,-1.507288000E1,2.004750485E0,2.494211743E1
3.592131208E0,1.994882636E1,-1.377439233E1,2.808793069E0,2.440448475E1
3.602098208E0,2.011366405E1,-1.278556034E1,3.924108232E0,2.415426794E1
3.612065208E0,2.070140745E1,-1.190617536E1,5.213854609E0,2.444359961E1
3.622033208E0,2.136776550E1,-1.044759209E1,6.096319903E0,2.455399559E1
3.632000208E0,2.149447934E1,-8.983183241E0,6.637449306E0,2.422325240E1
3.641967208E0,2.101708459E1,-7.996732818E0,6.975502571E0,2.354406967E1
3.651934208E0,2.024152394E1,-7.139704666E0,7.560957377E0,2.275659796E1
3.661902208E0,1.981219564E1,-6.144338992E0,8.209103690E0,2.230841503E1
3.671869208E0,1.981387964E1,-5.116951627E0,9.138599895E0,2.241176094E1
3.681836208E0,1.991243095E1,-4.028335728E0,1.025380835E1,2.275682273E1
3.691803208E0,2.015689368E1,-2.844270465E0,1.089863227E1,2.309048338E1
3.701770208E0,2.052506011E1,-1.596053061E0,1.112199942E1,2.339923821E1
3.711738208E0,2.034973017E1,-5.774523067E-1,1.122948411E1,2.324965124E1
3.721705208E0,1.985495984E1,5.850414079E-1,1.135832867E1,2.288172489E1
3.731672208E0,1.937405558E1,1.844998267E0,1.149493600E1,2.260291136E1
3.741639208E0,1.906312989E1,2.835527124E0,1.197601216E1,2.269070300E1
3.751607208E0,1.895983766E1,3.744270390E0,1.248028539E1,2.300548909E1
3.761574208E0,1.889826063E1,4.749908452E0,1.279821020E1,2.331308795E1
3.771541208E0,1.863027689E1,5.849910049E0,1.286637237E1,2.338487123E1
3.781508208E0,1.836813803E1,6.612454798E0,1.276735445E1,2.332634546E1
3.791476208E0,1.807586729E1,7.164183449E0,1.294015019E1,2.335615529E1
3.801443208E0,1.794305363E1,7.826191172E0,1.343383646E1,2.374174391E1
3.811410208E0,1.817672942E1,8.555132557E0,1.398024356E1,2.447510971E1
3.821377208E0,1.875308479E1,8.862838188E0,1.441919638E1,2.526145906E1
3.831345208E0,1.952715440E1,8.964425958E0,1.481793555E1,2.610061122E1
3.841312208E0,2.045380360E1,9.410131726E0,1.511308429E1,2.711667342E1
3.851279208E0,2.176934292E1,9.940977631E0,1.531895189E1,2.841474290E1
3.861246208E0,2.319468126E1,9.920764976E0,1.515399960E1,2.942887222E1
3.871214208E0,2.415328081E1,9.089131281E0,1.457088718E1,2.963619467E1
3.881181208E0,2.424345657E1,8.001619336E0,1.371635170E1,2.898119049E1
3.891148208E0,2.357511982E1,6.804040573E0,1.259452362E1,2.758084965E1
3.901115208E0,2.276457177E1,5.274331775E0,1.154378598E1,2.606344755E1
3.911083208E0,2.197499651E1,3.864544693E0,1.066848586E1,2.473159453E1
3.921050208E0,2.121555546E1,2.699967030E0,1.009257488E1,2.364846049E1
3.931017208E0,2.056651920E1,1.855025073E0,9.513557276E0,2.273610789E1
3.940984208E0,1.999468958E1,1.025133848E0,8.104411633E0,2.159907402E1
3.950951208E0,1.925790415E1,-3.336807168E-1,6.633742172E0,2.037117450E1
3.960919208E0,1.868282933E1,-1.627537978E0,5.769597958E0,1.962104105E1
3.970886208E0,1.836948756E1,-2.966544515E0,4.876659715E0,1.923591094E1
3.980853208E0,1.815558823E1,-4.467979102E0,4.165713136E0,1.915571422E1
3.990820208E0,1.840703721E1,-5.836373745E0,3.727626583E0,1.966665903E1
4.000788208E0,1.918864856E1,-7.389972512E0,3.368861896E0,2.083663019E1
4.010755208E0,2.017995042E1,-9.221497625E0,3.129929462E0,2.240675960E1
4.020722208E0,2.137681231E1,-1.116549685E1,3.061265024E0,2.431065133E1
4.030689208E0,2.270297720E1,-1.334641708E1,3.002696388E0,2.650600324E1
4.040657208E0,2.413950477E1,-1.527219054E1,3.243549925E0,2.874849753E1
4.050624208E0,2.567247865E1,-1.690610139E1,3.621960672E0,3.095175316E1
4.060591208E0,2.670229261E1,-1.883483237E1,4.109501806E0,3.293404540E1
4.070558208E0,2.728421453E1,-2.073761575E1,4.527998432E0,3.456848043E1
4.080526208E0,2.767089324E1,-2.290309231E1,4.994827266E0,3.626538665E1
4.090493208E0,2.734430052E1,-2.506906938E1,4.916349446E0,3.742111038E1
4.100460208E0,2.677392568E1,-2.685134281E1,4.323957503E0,3.816456885E1
4.110427208E0,2.659739824E1,-2.887110909E1,3.624145192E0,3.942203650E1
4.120395208E0,2.613382163E1,-3.056474575E1,2.675936143E0,4.030311340E1
4.130362208E0,2.490646299E1,-3.347788940E1,2.249985194E0,4.178712016E1
4.140329208E0,2.147206346E1,-3.292895514E1,1.874585763E0,3.935580856E1
4.150296208E0,1.831773035E1,-3.318936439E1,1.800590419E0,3.795148587E1
4.160264208E0,1.624167526E1,-3.297675963E1,2.517330419E0,3.684556477E1
4.170231208E0,1.420282835E1,-3.250889818E1,3.167022736E0,3.561711424E1
4.180198208E0,1.121609047E1,-3.155082254E1,3.826937156E0,3.370312354E1
4.190165208E0,8.025752549E0,-3.035993182E1,4.274342709E0,3.169239924E1
4.200133208E0,6.156544470E0,-2.909203094E1,4.721600912E0,3.010884951E1
4.210100208E0,5.141536245E0,-2.786850808E1,5.106196843E0,2.879517987E1
4.220067208E0,3.947454702E0,-2.706458843E1,5.709693818E0,2.794056100E1
4.230034208E0,3.036763144E0,-2.593511920E1,6.222243201E0,2.684340979E1
4.240001208E0,2.519663458E0,-2.433927138E1,6.578344481E0,2.533818169E1
4.249969208E0,2.100974751E0,-2.269221130E1,7.102359084E0,2.387035930E1
4.259936208E0,1.844902958E0,-2.118693451E1,7.112895766E0,2.242505623E1
4.269903208E0,1.177384234E0,-2.003071077E1,6.626755918E0,2.113124467E1
4.279870208E0,-2.766832280E-1,-1.934875702E1,6.357598057E0,2.036835793E1
4.289838208E0,-2.141081972E0,-1.884593390E1,6.481709887E0,2.004410186E1
4.299805208E0,-3.669644131E0,-1.827480360E1,6.720485616E0,1.981412783E1
4.309772208E0,-4.558798056E0,-1.774185094E1,6.782723964E0,1.953359309E1
4.319739208E0,-5.174645519E0,-1.729084234E1,6.625022804E0,1.922605295E1
4.329707208E0,-5.799816953E0,-1.701652606E1,6.508466746E0,1.911962801E1
4.339673542E0,-6.619974902E0,-1.644117992E1,6.518787081E0,1.888467765E1
4.349640542E0,-7.980319684E0,-1.617333067E1,6.879311196E0,1.930251408E1
4.359607542E0,-9.445602690E0,-1.644429649E1,7.223022226E0,2.029301228E1
4.369575542E0,-1.107592687E1,-1.624318267E1,7.075721508E0,2.089456806E1
4.379542542E0,-1.276002321E1,-1.615891143E1,7.004541013E0,2.174838398E1
4.389509542E0,-1.390464257E1,-1.615141998E1,7.057319736E0,2.245023862E1
4.399476542E0,-1.485699378E1,-1.604431302E1,6.758194894E0,2.288718949E1
4.409444542E0,-1.572534975E1,-1.608996457E1,6.280748101E0,2.335853980E1
4.419411542E0,-1.603959198E1,-1.586221202E1,6.319199392E0,2.342670617E1
4.429378542E0,-1.584944404E1,-1.579382298E1,6.939842741E0,2.342671846E1
4.439345542E0,-1.567838959E1,-1.552876870E1,7.932629793E0,2.344954526E1
4.449312542E0,-1.572617304E1,-1.475746482E1,9.398971730E0,2.352521957E1
4.459280542E0,-1.576076166E1,-1.397852916E1,1.038430534E1,2.348690449E1
4.469247542E0,-1.548999113E1,-1.377666222E1,1.028072308E1,2.313934991E1
4.479214542E0,-1.541911235E1,-1.393679056E1,9.691448287E0,2.293266942E1
4.489181542E0,-1.537136633E1,-1.418187076E1,9.057656888E0,2.279134725E1
4.499149542E0,-1.478260551E1,-1.435209256E1,8.447888190E0,2.226824648E1
4.509116542E0,-1.410233576E1,-1.477953338E1,7.876148613E0,2.189393062E1
4.519083542E0,-1.323918616E1,-1.533698821E1,7.293054328E0,2.153341354E1
4.529050542E0,-1.220258592E1,-1.588593066E1,6.632175118E0,2.110098678E1
4.539018542E0,-1.105142937E1,-1.639596808E1,6.173845797E0,2.071420364E1
4.548985542E0,-9.537099336E0,-1.662802536E1,5.575095592E0,1.996319568E1
4.558952542E0,-8.215126907E0,-1.674339209E1,4.957202772E0,1.929775500E1
4.568919542E0,-7.032700034E0,-1.676501860E1,4.386092355E0,1.870193906E1
4.578887542E0,-5.742680885E0,-1.620026294E1,3.881365086E0,1.762078029E1
4.588854542E0,-4.363851301E0,-1.556764800E1,3.508350441E0,1.654398336E1
4.598821542E0,-3.013112326E0,-1.574272300E1,3.093700991E0,1.632431190E1
4.608788542E0,-2.203715007E0,-1.627248307E1,2.289516757E0,1.657986587E1
4.618756542E0,-2.094525856E0,-1.684032840E1,1.681549294E0,1.705319053E1
4.628723542E0,-2.168365080E0,-1.722875777E1,1.386361090E0,1.741992820E1
4.638690542E0,-2.016537448E0,-1.758647639E1,1.090984899E0,1.773529879E1
4.648657542E0,-1.423070787E0,-1.804097695E1,1.004330332E0,1.812486302E1
4.658625542E0,-2.812908340E-1,-1.866683368E1,1.185842232E0,1.870657708E1
4.668592542E0,1.277630069E0,-1.946270756E1,1.498021859E0,1.956203961E1
4.678559542E0,2.935885225E0,-2.028735442E1,1.610669492E0,2.056186829E1
4.688526542E0,4.228322198E0,-2.107931534E1,1.497325894E0,2.155129297E1
4.698493542E0,4.698202109E0,-2.227508731E1,1.273212643E0,2.280073876E1
4.708461542E0,5.536536128E0,-2.376651322E1,8.327604532E-1,2.441708158E1
4.718428542E0,6.787667200E0,-2.517523611E1,2.263796318E-1,2.607520253E1
4.728395542E0,8.030251397E0,-2.639054480E1,-8.917003870E-2,2.758539004E1
4.738362542E0,9.487287490E0,-2.756334891E1,-1.907092774E-1,2.915104110E1
4.748330542E0,1.090575184E1,-2.838454123E1,2.192457363E-2,3.040753336E1
4.758297542E0,1.235510820E1,-2.909534280E1,7.556661574E-1,3.161896112E1
4.768264542E0,1.417021726E1,-2.975992797E1,1.507724437E0,3.299578160E1
4.778231542E0,1.616794655E1,-2.979641928E1,2.100902245E0,3.396531890E1
4.788199542E0,1.798352806E1,-2.910594965E1,2.464437675E0,3.430214337E1
4.798166542E0,1.983116401E1,-2.820139942E1,2.173684877E0,3.454444819E1
4.808133542E0,2.106423186E1,-2.702173769E1,1.727321152E0,3.430539040E1
4.818100542E0,2.169020904E1,-2.525870394E1,2.185139426E0,3.336528327E1
4.828068542E0,2.219214573E1,-2.347593701E1,2.212527638E0,3.238064590E1
4.838035542E0,2.251611422E1,-2.165048540E1,2.386608750E0,3.132754090E1
4.848002542E0,2.259280630E1,-1.974956260E1,2.943812295E0,3.015205052E1
4.857969542E0,2.249033501E1,-1.790622319E1,3.624805927E0,2.897563142E1
4.867937542E0,2.208612869E1,-1.609972475E1,4.069866747E0,2.763262624E1
4.877904542E0,2.200824144E1,-1.450937915E1,3.865944808E0,2.664264071E1
4.887871542E0,2.231567400E1,-1.308385955E1,3.506672291E0,2.610504621E1
4.897838542E0,2.210056897E1,-1.179011280E1,3.518613767E0,2.529471391E1
4.907806542E0,2.147361414E1,-1.102646644E1,3.814930775E0,2.443875535E1
4.917773542E0,2.080772620E1,-1.039948705E1,4.485096241E0,2.369022771E1
4.927740542E0,2.036466630E1,-9.787096456E0,5.769059429E0,2.331928252E1
4.937707542E0,1.989217386E1,-9.046751246E0,7.248980355E0,2.302368357E1
4.947674542E0,1.939780581E1,-8.095343771E0,8.660145042E0,2.273340214E1
4.957642542E0,1.898996017E1,-7.009968399E0,9.897787757E0,2.253274166E1
4.967609542E0,1.901504707E1,-5.861091095E0,1.103475194E1,2.275280542E1
4.977576542E0,1.924900001E1,-4.509162211E0,1.209647884E1,2.317717294E1
4.987543542E0,1.944274049E1,-3.275593252E0,1.281517765E1,2.351549377E1
4.997511542E0,1.996419986E1,-1.985176492E0,1.309024822E1,2.395547537E1
5.007478542E0,2.014206280E1,-4.097681952E-1,1.325597702E1,2.411620888E1
5.017445542E0,1.987949475E1,7.461848241E-1,1.311915685E1,2.382988418E1
5.027412542E0,1.910108183E1,1.638820766E0,1.282899112E1,2.306772797E1
5.037380542E0,1.821545670E1,2.309139721E0,1.267264242E1,2.230988245E1
5.047347542E0,1.749228009E1,2.763512816E0,1.294789191E1,2.193774762E1
5.057314542E0,1.685134573E1,3.274395157E0,1.342444232E1,2.179231902E1
5.067281542E0,1.634008390E1,3.882654104E0,1.399043643E1,2.185876612E1
5.077249542E0,1.607447530E1,4.665237846E0,1.449456699E1,2.214149210E1
5.087216542E0,1.595342039E1,5.529358671E0,1.504665641E1,2.261608496E1
5.097183542E0,1.612628631E1,6.173431814E0,1.613898412E1,2.363546443E1
5.107150542E0,1.669906903E1,6.715389767E0,1.742658896E1,2.505277168E1
5.117117542E0,1.724240517E1,7.251759537E0,1.869545697E1,2.644633555E1
5.127085542E0,1.773692525E1,7.167190087E0,1.979007913E1,2.752479542E1
5.137052542E0,1.821954507E1,7.255720441E0,2.037057901E1,2.827645294E1
5.147019542E0,1.877425873E1,7.601233583E0,2.053458405E1,2.884303529E1
5.156986542E0,1.944944023E1,7.570256789E0,2.019863344E1,2.904435067E1
5.166954542E0,2.000500407E1,7.255826860E0,1.939130604E1,2.879010179E1
5.176921542E0,2.034772107E1,6.380671170E0,1.813428331E1,2.799276601E1
5.186888542E0,2.052736391E1,5.539572002E0,1.696489398E1,2.720049916E1
5.196855542E0,2.073359053E1,4.745316049E0,1.596007102E1,2.659179699E1
5.206823542E0,2.080849804E1,3.918522679E0,1.504806910E1,2.597677413E1
5.216790542E0,2.074675846E1,2.899541856E0,1.403464722E1,2.521520676E1
5.226757542E0,2.053117162E1,1.486739949E0,1.294375208E1,2.431625221E1
5.236724542E0,2.009048802E1,1.177769566E-1,1.188933070E1,2.334518719E1
5.246692542E0,1.976437009E1,-1.346797952E0,1.089478013E1,2.260841489E1
5.256659542E0,1.959448860E1,-2.861774105E0,1.013148459E1,2.224366684E1
5.266626542E0,1.947346761E1,-4.264561486E0,9.348891497E0,2.201826963E1
5.276593542E0,1.933904246E1,-5.792902620E0,8.161444205E0,2.177534054E1
5.286560542E0,1.916767343E1,-7.479849479E0,7.182568849E0,2.179305275E1
5.296528542E0,1.891974213E1,-8.998086625E0,6.576624230E0,2.195846514E1
5.306495542E0,1.897598065E1,-1.060422730E1,5.903848275E0,2.252538352E1
5.316462542E0,1.940718006E1,-1.226593349E1,5.294888247E0,2.356114606E1
5.326429542E0,1.988616058E1,-1.383008706E1,4.883513529E0,2.470990480E1
5.336398042E0,2.084336615E1,-1.558139715E1,4.943324990E0,2.648890922E1
5.346365042E0,2.232671589E1,-1.746276802E1,5.480485303E0,2.886981518E1
5.356332042E0,2.378457644E1,-1.964932963E1,6.013682374E0,3.143193610E1
5.366299042E0,2.482604741E1,-2.195656141E1,6.364291949E0,3.374799891E1
5.376267042E0,2.575132952E1,-2.430579490E1,6.300454388E0,3.596662847E1
5.386234042E0,2.624851593E1,-2.637066427E1,6.390881578E0,3.775234946E1
5.396201042E0,2.662674658E1,-2.840238225E1,6.367325485E0,3.944897698E1
5.406168042E0,2.690019513E1,-3.014663007E1,5.674588305E0,4.080000926E1
5.416136042E0,2.681607943E1,-3.143870569E1,4.553949544E0,4.157201929E1
5.426103042E0,2.623611516E1,-3.232992660E1,3.645618507E0,4.179531585E1
5.436070042E0,2.515326227E1,-3.321589438E1,2.997126038E0,4.177277830E1
5.446037042E0,2.366017576E1,-3.413127365E1,2.732726641E0,4.161989371E1
5.456005042E0,2.192550334E1,-3.472341182E1,2.752113669E0,4.115843966E1
5.465972042E0,1.981727804E1,-3.515891245E1,3.064875387E0,4.047551228E1
5.475939042E0,1.738739741E1,-3.529600159E1,3.585882182E0,3.950933899E1
5.485906042E0,1.472143661E1,-3.479028292E1,4.258859282E0,3.801608034E1
5.495873042E0,1.212365319E1,-3.372798885E1,4.828055320E0,3.616448972E1
5.505841042E0,9.840361083E0,-3.247735128E1,5.157232511E0,3.432503605E1
5.515808042E0,7.898701324E0,-3.117046350E1,5.507487745E0,3.262391299E1
5.525775042E0,6.188767306E0,-2.976439992E1,6.038859315E0,3.099497000E1
5.535742042E0,4.352769658E0,-2.820595323E1,6.462031667E0,2.926226674E1
5.545710042E0,2.727638394E0,-2.680028960E1,6.522759680E0,2.771717749E1
5.555677042E0,1.292948020E0,-2.552764078E1,6.268871237E0,2.631788185E1
5.565644042E0,-1.953426111E-1,-2.436710413E1,5.854028828E0,2.506119662E1
5.575611042E0,-1.586222137E0,-2.317776877E1,5.608712404E0,2.389942929E1
5.585579042E0,-2.706184959E0,-2.187026118E1,5.378491151E0,2.268391343E1
5.595546042E0,-3.665012552E0,-2.061709528E1,4.974816924E0,2.152314425E1
5.605513042E0,-4.415268792E0,-1.946322913E1,4.693722264E0,2.050226610E1
5.615480042E0,-4.987997133E0,-1.842290656E1,4.607499515E0,1.963447614E1
5.625448042E0,-5.844194396E0,-1.784134015E1,4.706910075E0,1.935518093E1
5.635415042E0,-6.627282168E0,-1.743548023E1,5.009928285E0,1.931362786E1
5.645382042E0,-7.049285077E0,-1.676177106E1,5.448898644E0,1.898262062E1
5.655349042E0,-7.201461203E0,-1.603322904E1,5.882846246E0,1.853465287E1
5.665317042E0,-7.192268795E0,-1.550604174E1,6.072157454E0,1.813938138E1
5.675284042E0,-7.630666128E0,-1.533570767E1,6.200586283E0,1.821697740E1
5.685251042E0,-8.147137823E0,-1.509726055E1,6.476727474E0,1.833715162E1
5.695218042E0,-8.382098243E0,-1.450134040E1,6.565742562E0,1.799048137E1
5.705185042E0,-8.451086032E0,-1.399129480E1,6.556969984E0,1.761167342E1
5.715153042E0,-8.677693121E0,-1.358663239E1,6.753368018E0,1.747875617E1
5.725120042E0,-8.709540566E0,-1.315111072E1,6.939039334E0,1.723247158E1
5.735087042E0,-8.773244811E0,-1.289082074E1,7.134538066E0,1.714773214E1
5.745054042E0,-8.866262317E0,-1.262050163E1,7.318451709E0,1.707183072E1
5.755022042E0,-8.827105268E0,-1.214094691E1,7.407494279E0,1.673891725E1
5.764989042E0,-8.912837729E0,-1.159489064E1,7.531624820E0,1.645009234E1
5.774956042E0,-8.820241222E0,-1.102361417E1,7.599940764E0,1.603358426E1
5.784923042E0,-8.623114625E0,-1.046142192E1,7.593422288E0,1.553896768E1
5.794891042E0,-8.331165487E0,-1.029071129E1,7.389119403E0,1.516265619E1
5.804858042E0,-8.062984695E0,-1.033449641E1,6.951973960E0,1.483723290E1
5.814825042E0,-8.326719264E0,-1.060850279E1,6.574076014E0,1.500310170E1
5.824792042E0,-8.986970483E0,-1.134072621E1,6.554351601E0,1.588512620E1
5.834760042E0,-9.417489277E0,-1.222197295E1,6.962904160E0,1.692772168E1
5.844727042E0,-9.878063929E0,-1.280619048E1,7.299588591E0,1.774425697E1
5.854694042E0,-1.003423604E1,-1.348944465E1,7.454763755E0,1.839088123E1
5.864661042E0,-9.807088087E0,-1.398165625E1,7.365888416E0,1.859897847E1
5.874628042E0,-9.096675358E0,-1.422397422E1,7.124116573E0,1.832550087E1
5.884596042E0,-7.850572307E0,-1.399206195E1,6.701617236E0,1.738737924E1
5.894563042E0,-6.970634179E0,-1.333594471E1,6.092215742E0,1.623429256E1
5.904530042E0,-6.203893468E0,-1.298563335E1,5.673714731E0,1.546951862E1
5.914497042E0,-4.984313972E0,-1.318918428E1,5.213134232E0,1.503245609E1
5.924465042E0,-4.268267452E0,-1.374760858E1,3.949079643E0,1.492682413E1
5.934432042E0,-4.180821757E0,-1.408652957E1,2.249507477E0,1.486505532E1
5.944399042E0,-4.071796328E0,-1.408371238E1,5.245402676E-1,1.466988828E1
5.954366042E0,-4.007645355E0,-1.370936662E1,-9.988634777E-1,1.431801951E1
5.964334042E0,-3.873444155E0,-1.354358636E1,-2.036765014E0,1.423308515E1
5.974301042E0,-3.494572062E0,-1.377251304E1,-2.171865224E0,1.437397467E1
5.984268042E0,-2.849315443E0,-1.410347363E1,-1.376415854E0,1.445410279E1
5.994235042E0,-2.389807908E0,-1.467978924E1,5.124689832E-1,1.488186878E1
6.004203042E0,-1.617612330E0,-1.590650000E1,2.501795536E0,1.618308971E1
6.014170042E0,-7.427080697E-1,-1.700399080E1,3.996074300E0,1.748301828E1
6.024137042E0,1.353899395E-1,-1.802256875E1,5.102207873E0,1.873135980E1
6.034104042E0,1.035017982E0,-1.890894115E1,5.338590921E0,1.967536203E1
6.044071042E0,2.125812553E0,-1.948070295E1,5.054811512E0,2.023778609E1
6.054039042E0,3.407119936E0,-2.002959980E1,4.296867353E0,2.076671383E1
6.064006042E0,4.606724174E0,-2.073466408E1,3.185726810E0,2.147782711E1
6.073973042E0,5.494137967E0,-2.139767518E1,2.285286005E0,2.220965077E1
6.083940042E0,6.135978059E0,-2.199266446E1,1.723506575E0,2.289755427E1
6.093908042E0,6.436139612E0,-2.282735215E1,1.439435974E0,2.376097379E1
6.103875042E0,7.100579191E0,-2.373848634E1,1.813654414E0,2.484397917E1
6.113842042E0,8.208674505E0,-2.413894109E1,2.517492971E0,2.562047199E1
6.123809042E0,9.214652874E0,-2.445794647E1,2.647204095E0,2.626991935E1
6.133777042E0,1.025379899E1,-2.487118323E1,2.419692442E0,2.701057313E1
6.143744042E0,1.152558711E1,-2.481222459E1,2.239310663E0,2.744995737E1
6.153711042E0,1.300259963E1,-2.451011065E1,1.891585958E0,2.780991224E1
6.163678042E0,1.431315361E1,-2.413482232E1,1.794373659E0,2.811717965E1
6.173646042E0,1.561331359E1,-2.347453835E1,1.474374257E0,2.823124672E1
6.183613042E0,1.708011921E1,-2.270013077E1,1.070210034E0,2.842836187E1
6.193580042E0,1.816363634E1,-2.183795181E1,9.553533228E-1,2.842052998E1
6.203547042E0,1.902789106E1,-2.086129606E1,1.049089891E0,2.825517476E1
6.213515042E0,1.973483230E1,-1.990660244E1,1.322157054E0,2.806215469E1
6.223482042E0,2.011968902E1,-1.907640073E1,1.965954209E0,2.779525008E1
6.233449042E0,2.041736843E1,-1.815060757E1,2.966833953E0,2.747936667E1
6.243416042E0,2.073164925E1,-1.730978615E1,4.304655844E0,2.734885809E1
6.253383042E0,2.044298859E1,-1.655129001E1,5.783338330E0,2.693154258E1
6.263351042E0,1.988378661E1,-1.555516186E1,6.888416480E0,2.616826918E1
6.273318042E0,1.938328483E1,-1.441504485E1,7.647352327E0,2.533746725E1
6.283285042E0,1.874854852E1,-1.347151007E1,7.580742016E0,2.429932725E1
6.293252042E0,1.838876700E1,-1.259081999E1,7.237909822E0,2.343208993E1
6.303220042E0,1.814827921E1,-1.159370015E1,7.213819878E0,2.271151952E1
6.313187042E0,1.794897803E1,-1.084623069E1,7.371446779E0,2.222936707E1
6.323154042E0,1.816184007E1,-9.971432269E0,7.970565943E0,2.219936526E1
6.333121042E0,1.853261436E1,-8.674378334E0,8.701458544E0,2.223551248E1
6.343088167E0,1.902652632E1,-7.423419755E0,8.995199854E0,2.231657423E1
6.353055167E0,1.973164440E1,-5.898330842E0,9.384822053E0,2.263190187E1
6.363022167E0,2.030684669E1,-4.472749261E0,1.004999078E1,2.309493068E1
6.372989167E0,2.075706827E1,-3.425588951E0,1.029415998E1,2.342136359E1
6.382957167E0,2.090101970E1,-2.268224999E0,1.036910725E1,2.344175451E1
6.392924167E0,2.047667557E1,-1.217338843E0,1.075876687E1,2.316305724E1
6.402891167E0,1.962628459E1,-4.879068768E-1,1.112890030E1,2.256726660E1
6.412858167E0,1.849058457E1,5.684195280E-2,1.136183466E1,2.170244769E1
6.422825167E0,1.758704006E1,1.913378531E-1,1.170695370E1,2.112802294E1
6.432793167E0,1.693046089E1,2.668832946E-1,1.274848080E1,2.119517623E1
6.442760167E0,1.657024317E1,5.277036113E-1,1.410483369E1,2.176689604E1
6.452727167E0,1.627592825E1,1.247102925E0,1.548750139E1,2.250164006E1
6.462694167E0,1.609529373E1,1.956160269E0,1.640835599E1,2.306770880E1
6.472662167E0,1.621390567E1,2.584732443E0,1.663115596E1,2.337021453E1
6.482629167E0,1.672558147E1,3.812564115E0,1.685728065E1,2.405095906E1
6.492596167E0,1.817191716E1,5.285198241E0,1.769118833E1,2.590617761E1
6.502563167E0,2.021169846E1,6.397285448E0,1.807810210E1,2.786136736E1
6.512531167E0,2.233188015E1,7.213875427E0,1.776712963E1,2.943507711E1
6.522498167E0,2.405353199E1,7.729310410E0,1.734440634E1,3.064544129E1
6.532465167E0,2.468922022E1,8.328237786E0,1.683889584E1,3.102362894E1
6.542432167E0,2.434249203E1,8.014580859E0,1.579339497E1,3.010351722E1
6.552400167E0,2.287490171E1,6.938842283E0,1.446748034E1,2.794130720E1
6.562367167E0,2.086439976E1,6.155033550E0,1.315644104E1,2.542242231E1
6.572334167E0,1.906401165E1,5.145564392E0,1.196908906E1,2.309052763E1
6.582301167E0,1.742056983E1,4.046126466E0,1.066603003E1,2.082334241E1
6.592268167E0,1.629874643E1,3.199045597E0,9.772194827E0,1.927119144E1
6.602236167E0,1.569410340E1,2.322730404E0,8.997076811E0,1.823862246E1
6.612203167E0,1.536295452E1,1.431510074E0,7.826294083E0,1.730088067E1
6.622170167E0,1.546377573E1,5.372696561E-1,6.522693021E0,1.679174031E1
6.632137167E0,1.582901036E1,-4.027918822E-1,5.100804541E0,1.663544460E1
6.642105167E0,1.617557015E1,-1.374272849E0,3.885131277E0,1.669227188E1
6.652072167E0,1.638172660E1,-2.761715966E0,3.333587398E0,1.694405047E1
6.662039167E0,1.674118535E1,-4.450184271E0,3.043279865E0,1.758786455E1
6.672006167E0,1.694522628E1,-6.141407783E0,3.212828946E0,1.830791777E1
6.681974167E0,1.713310551E1,-7.446298156E0,3.569227265E0,1.901920198E1
6.691941167E0,1.749839978E1,-9.078163074E0,3.492645990E0,2.002013026E1
6.701908167E0,1.796060581E1,-1.120823532E1,3.200801224E0,2.141151626E1
6.711875167E0,1.831775257E1,-1.338645062E1,3.011740277E0,2.288684554E1
6.721843167E0,1.922666950E1,-1.579949946E1,2.950138398E0,2.505977493E1
6.731810167E0,2.060441852E1,-1.803503852E1,3.102080928E0,2.755771367E1
6.741777167E0,2.203039537E1,-2.001050981E1,3.147171439E0,2.992763791E1
6.751744167E0,2.332331298E1,-2.209079477E1,3.022680709E0,3.226634068E1
6.761711167E0,2.417343499E1,-2.397888877E1,3.349929489E0,3.421350747E1
6.771679167E0,2.423036114E1,-2.574505195E1,4.011084688E0,3.558099073E1
6.781646167E0,2.370888540E1,-2.741496996E1,4.676458068E0,3.654532918E1
6.791613167E0,2.268299843E1,-2.875415309E1,5.440698509E0,3.702594952E1
6.801580167E0,2.172797504E1,-3.007281482E1,5.801547729E0,3.755179152E1
6.811548167E0,2.097061560E1,-3.111819875E1,5.757294831E0,3.796387040E1
6.821515167E0,1.997343378E1,-3.254650747E1,5.023904300E0,3.851561787E1
6.831482167E0,1.869068447E1,-3.405628896E1,3.599519058E0,3.901447220E1
6.841449167E0,1.806515636E1,-3.548686172E1,1.419128448E0,3.984571689E1
6.851417167E0,1.613714459E1,-3.569655457E1,-1.760374439E-1,3.917502307E1
6.861384167E0,1.345068463E1,-3.592514562E1,-4.627440421E-1,3.836340883E1
6.871351167E0,1.027121785E1,-3.534632506E1,-9.711862671E-1,3.682124135E1
6.881318167E0,7.507111537E0,-3.335254849E1,-1.542606586E0,3.422175988E1
6.891286167E0,5.804232770E0,-3.086685969E1,-1.783538768E0,3.145843537E1
6.901253167E0,5.238964891E0,-2.841940935E1,-1.848688445E0,2.895733464E1
6.911220167E0,5.413310151E0,-2.631497772E1,-1.742694798E0,2.692246208E1
6.921187167E0,5.975459125E0,-2.453218740E1,-1.355569360E0,2.528580429E1
6.931154167E0,6.595660425E0,-2.331069469E1,-9.198792887E-1,2.424329601E1
6.941122167E0,6.587365565E0,-2.270493484E1,-8.794551480E-1,2.365757580E1
6.951089167E0,4.749527214E0,-2.286626654E1,-2.284238183E-1,2.335543474E1
6.961056167E0,2.177951590E0,-2.316639710E1,2.318093562E-1,2.326970484E1
6.971023167E0,8.203351200E-2,-2.268798494E1,1.837270441E-1,2.268887713E1
6.980991167E0,-1.341617904E0,-2.182087092E1,5.160284758E-2,2.186213643E1
6.990958167E0,-2.064988647E0,-2.076756051E1,-2.631293821E-1,2.087163110E1
7.000925167E0,-2.101637825E0,-1.958514826E1,-4.838225967E-1,1.970352755E1
7.010892167E0,-1.663491923E0,-1.878083217E1,-5.270048690E-1,1.886172305E1
7.020860167E0,-6.742669952E-1,-1.812973652E1,-5.298169412E-1,1.815000518E1
7.030827167E0,-7.456451261E-1,-1.767147970E1,-6.819899976E-1,1.770034723E1
7.040794167E0,-2.042832377E0,-1.784438187E1,-3.783136833E-1,1.796491719E1
7.050761167E0,-3.610276766E0,-1.809343116E1,-3.248028892E-1,1.845296308E1
7.060729167E0,-5.019542277E0,-1.794853715E1,-2.262428069E-1,1.863858837E1
7.070696167E0,-5.834702611E0,-1.744501119E1,-6.831667498E-2,1.839502208E1
7.080663167E0,-5.577631529E0,-1.684747253E1,-3.754177035E-1,1.775072513E1
7.090630167E0,-4.497129226E0,-1.609513234E1,-8.545525874E-1,1.673343111E1
7.100597167E0,-3.473843098E0,-1.536241541E1,-1.606671166E0,1.583201773E1
7.110565167E0,-2.979654558E0,-1.484866969E1,-2.259905726E0,1.531236450E1
7.120532167E0,-2.892338671E0,-1.405041249E1,-2.394930800E0,1.454356928E1
7.130499167E0,-3.025162268E0,-1.303257830E1,-2.098162971E0,1.354259915E1
7.140466167E0,-2.839461715E0,-1.210724824E1,-1.908694326E0,1.258137976E1
7.150434167E0,-2.415086006E0,-1.093482654E1,-1.606835765E0,1.131304526E1
7.160401167E0,-2.625495138E0,-9.986457274E0,-1.705580327E0,1.046573255E1
7.170368167E0,-3.142565002E0,-9.337667767E0,-2.546228528E0,1.017600284E1
7.180335167E0,-3.393847341E0,-8.430379872E0,-3.307726040E0,9.671119693E0
7.190303167E0,-2.987608525E0,-7.660252454E0,-3.879132326E0,9.091366232E0
7.200270167E0,-2.112579427E0,-6.885123913E0,-4.083794814E0,8.279209094E0
7.210237167E0,-1.453814278E0,-5.932076878E0,-3.809950410E0,7.198530000E0
7.220204167E0,-9.456467986E-1,-5.342078201E0,-3.425864940E0,6.416276019E0
7.230171167E0,-6.934189653E-1,-5.036254789E0,-2.651697973E0,5.733776617E0
7.240139167E0,-1.000069174E0,-4.906422043E0,-1.558578840E0,5.244261971E0
7.250106167E0,-1.351366382E0,-4.806339346E0,-2.308623996E-1,4.998038260E0
7.260073167E0,-1.302269066E0,-4.522188638E0,1.178442872E0,4.851270185E0
7.270040167E0,-7.068871495E-1,-4.112349692E0,2.019002050E0,4.635458845E0
7.280008167E0,1.738225186E-1,-3.706875107E0,2.346547283E0,4.390606049E0
7.289975167E0,1.284219881E0,-3.239235849E0,2.384634584E0,4.222363282E0
7.299942167E0,2.418076564E0,-2.756396170E0,2.607710831E0,4.499441065E0
7.309909167E0,3.043078721E0,-2.108060991E0,2.632638096E0,4.542579949E0
7.319877167E0,3.122982970E0,-1.668667878E0,2.204207928E0,4.170852156E0
7.329844167E0,3.088557195E0,-1.532040668E0,1.790978765E0,3.885091903E0
7.339811583E0,2.771267978E0,-1.412214847E0,1.547706528E0,3.474143416E0
7.349778583E0,2.480233636E0,-1.226191528E0,1.114516141E0,2.982825972E0
7.359746583E0,2.531036292E0,-9.251096231E-1,5.773078805E-1,2.755949368E0
7.369713583E0,2.587237390E0,-6.427388084E-1,2.984377939E-1,2.682531567E0
7.379680583E0,2.527841958E0,-5.435899115E-1,5.010631120E-1,2.633731042E0
7.389647583E0,2.556192183E0,-5.443278301E-1,9.551877004E-1,2.782587790E0
7.399614583E0,2.478467485E0,-6.994094378E-1,1.488169593E0,2.974327382E0
7.409582583E0,2.058402343E0,-9.184432125E-1,1.721461803E0,2.836192673E0
7.419549583E0,1.645222443E0,-1.035279937E0,1.390492440E0,2.389985494E0
7.429516583E0,1.611248074E0,-8.882359117E-1,1.332693298E0,2.271817514E0
7.439483583E0,1.643378232E0,-5.246706605E-1,1.572237936E0,2.334074430E0
7.449451583E0,1.579436151E0,-5.064612615E-1,1.782248288E0,2.434652033E0
7.459418583E0,1.099921783E0,-4.602577329E-1,1.973614792E0,2.305823163E0
7.469385583E0,4.161703116E-1,-6.506027287E-1,1.625860412E0,1.799973255E0
7.479352583E0,1.217176875E-1,-1.045824221E0,1.224776502E0,1.615128780E0
7.489320583E0,-2.408935905E-2,-9.334313804E-1,1.782327810E0,2.012105082E0
7.499287583E0,6.658019811E-2,-9.117212534E-1,2.194845366E0,2.377606937E0
7.509254583E0,-2.118914008E-2,-7.668623328E-1,2.137887638E0,2.271363109E0
7.519221583E0,-8.032554030E-2,-6.116889238E-1,1.739388782E0,1.845559229E0
7.529189583E0,1.056591868E-3,-3.857501721E-1,1.539160237E0,1.586763545E0
7.539156583E0,2.575318426E-1,-2.694309264E-1,1.213232929E0,1.269192583E0
7.549123583E0,5.739860773E-1,1.482093751E-2,5.942490184E-1,8.263241332E-1
7.559090583E0,8.540276536E-1,4.077813113E-1,-3.674723607E-1,1.015226461E0
7.569057583E0,9.381983230E-1,8.045388669E-1,-1.120216007E0,1.668047596E0
7.579025583E0,1.000775225E0,9.743180358E-1,-1.349047376E0,1.941848477E0
7.588992583E0,8.974528778E-1,1.084038114E0,-1.281332526E0,1.903253357E0
7.598959583E0,7.446011057E-1,1.017924816E0,-1.346186333E0,1.844673245E0
7.608926583E0,5.702312878E-1,8.750182807E-1,-1.166767445E0,1.565939649E0
7.618894583E0,4.058625840E-1,8.066380173E-1,-8.381580180E-1,1.232030110E0
7.628861583E0,5.042718447E-1,7.622488797E-1,-7.412053353E-1,1.176732254E0
7.638828583E0,5.645621198E-1,8.112970787E-1,-8.941842842E-1,1.332853657E0
7.648795583E0,4.914230999E-1,8.454559278E-1,-9.863498515E-1,1.388948674E0
7.658763583E0,3.878613093E-1,7.528067958E-1,-9.219948113E-1,1.251890131E0
7.668730583E0,2.937684998E-1,7.372789299E-1,-9.550374269E-1,1.241763520E0
7.678697583E0,1.819595039E-2,6.899655998E-1,-1.134894857E0,1.328295885E0
7.688664583E0,-1.547965559E-1,6.432235426E-1,-1.444008497E0,1.588351044E0
7.698631583E0,-2.137899917E-1,6.317413652E-1,-1.569618384E0,1.705434016E0
7.708599583E0,-1.879204479E-1,6.214479268E-1,-1.569971555E0,1.698917981E0
7.718566583E0,-2.581136405E-2,5.617279744E-1,-1.609460726E0,1.704866087E0
7.728533583E0,1.862037054E-1,6.116111559E-1,-1.588592598E0,1.712415391E0
7.738500583E0,3.140805575E-1,7.156208432E-1,-1.361392018E0,1.569760496E0
7.748468583E0,1.371289015E-1,5.565660524E-1,-1.406146021E0,1.518491600E0
7.758435583E0,-5.264622474E-1,3.134435034E-1,-1.529602379E0,1.647753854E0
7.768402583E0,-1.042587787E0,1.077343637E-1,-1.818122125E0,2.098610028E0
7.778369583E0,-1.117485942E0,7.831526756E-2,-1.919429229E0,2.222412356E0
7.788337583E0,-8.126662043E-1,1.507154918E-1,-1.829673300E0,2.007696666E0
7.798304583E0,-3.836717793E-1,4.076865864E-1,-1.693039073E0,1.783197602E0
7.808271583E0,-1.640000734E-1,6.079841280E-1,-1.745710207E0,1.855813797E0
7.818238583E0,1.931539983E-2,8.073525470E-1,-1.975518061E0,2.134212461E0
7.828205583E0,7.062530190E-2,8.518621373E-1,-1.735469978E0,1.934557592E0
7.838173583E0,3.498853979E0,1.049723144E0,2.609717888E0,4.489379166E0
7.848140583E0,1.984426879E0,1.981916669E0,2.127423753E0,3.520209588E0
7.858107583E0,2.298298983E0,1.110392100E0,-1.822444972E0,3.136312246E0
7.868074583E0,-1.367593575E-1,1.284413424E0,-1.169027978E-1,1.296953056E0
7.878042583E0,-3.730699003E-1,1.496051055E-1,-2.774398577E-1,4.884011801E-1
7.888009583E0,3.792901683E-1,1.281336619E0,2.850733978E-1,1.366364301E0
7.897976583E0,-4.922039590E-1,4.455905771E-1,2.411081833E-1,7.063631189E-1
7.907943583E0,-7.823293877E-1,2.130783856E-2,-5.628620419E-1,9.640056914E-1
7.917911583E0,-6.180495250E-1,5.560895044E-1,-1.701683889E0,1.893924183E0
7.927878583E0,-7.234903184E-1,5.603006691E-1,-4.355424294E-1,1.013445750E0
7.937845583E0,-1.008154119E0,-3.645446599E-1,-1.099851909E0,1.535884682E0
7.947812583E0,-7.870518914E-1,3.136563420E-2,-4.975951284E-1,9.316841710E-1
7.957780583E0,-3.908102612E-2,-2.458818501E-1,-2.173763815E-1,3.305112737E-1
7.967747583E0,-2.569064829E-1,-3.300004792E-1,8.380346417E-2,4.265258232E-1
7.977714583E0,-8.628990492E-1,-6.859579182E-1,-1.096703768E-2,1.102385282E0
7.987681583E0,-1.174741585E0,-8.403811294E-1,-2.853850543E-1,1.472312081E0
7.997648583E0,-1.266629994E0,-5.969381529E-1,-1.384728840E-1,1.407075492E0
8.007616583E0,-9.451898387E-1,-3.629419380E-1,3.123626456E-1,1.059566470E0
8.017583583E0,-9.067598909E-1,-3.739896673E-1,6.698412377E-1,1.187757995E0
8.027550583E0,-7.505956712E-1,-3.229960996E-1,8.335173753E-1,1.167249569E0
8.037517583E0,-2.206236327E-1,2.918696165E-2,2.942447555E-1,3.689263370E-1
8.047485583E0,1.391295263E-1,1.994730842E-1,-2.426945329E-1,3.435799364E-1
8.057452583E0,1.666248519E-1,1.583519554E-1,-5.029371446E-1,5.529782586E-1
8.067419583E0,8.913769629E-3,9.647496521E-2,-4.075857219E-1,4.189427108E-1
8.077386583E0,8.902952280E-3,-4.733087182E-2,-7.607666105E-2,9.003961541E-2
8.087354583E0,1.797015650E-1,1.348192513E-2,8.193966419E-2,1.979609137E-1
8.097321583E0,3.705643684E-2,-9.798413157E-2,-1.002575290E-1,1.450022127E-1
8.107288583E0,-2.674253315E-2,-8.106228948E-2,1.259759223E-1,1.521715836E-1
8.117255583E0,-2.242249693E-1,-9.443954945E-2,3.431032124E-1,4.206132187E-1
8.127222583E0,-1.138832591E-1,-9.745671272E-2,3.363508478E-1,3.682378312E-1
8.137190583E0,1.720192007E-1,7.157576680E-2,2.332644358E-1,2.985397676E-1
8.147157583E0,2.986605728E-1,1.882207024E-1,-4.147430062E-3,3.530472656E-1
8.157124583E0,1.563238121E-1,1.389912397E-1,-2.057351598E-1,2.933984576E-1
8.167091583E0,-6.530667454E-2,1.265688300E-2,-2.585609525E-1,2.669811316E-1
8.177059583E0,-1.175041839E-1,-1.120174491E-1,1.439876854E-2,1.629799579E-1
8.187026583E0,-2.374299923E-1,-2.508215779E-1,1.129781467E-1,3.633848192E-1
8.196993583E0,-3.693945963E-1,-3.267447495E-1,-3.222692907E-3,4.931783500E-1
8.206960583E0,-3.789065909E-1,-4.040648210E-1,-1.094829150E0,1.226983885E0
8.216928583E0,1.998528609E-1,-4.670989752E-2,-4.850323856E-1,5.266682026E-1
8.226895583E0,6.721239907E-1,-2.465835160E-1,1.218071207E0,1.412887665E0
8.236862583E0,2.902782968E-1,-4.120579648E-1,6.934575570E-1,8.572844564E-1
8.246829583E0,-6.722485363E-2,-3.704526865E-1,4.216392124E-1,5.652733846E-1
8.256796583E0,-4.574514348E-2,-3.581676865E-1,5.944203418E-1,6.954942506E-1
8.266764583E0,-9.448490191E-2,-2.238974887E-1,5.891277346E-1,6.372824882E-1
8.276731583E0,-2.697432043E-1,-2.556174642E-1,1.651560679E-1,4.066671994E-1
8.286698583E0,-2.142554666E-1,-2.849979687E-1,-3.272344539E-1,4.839541661E-1